<?xml version="1.0" encoding="UTF-16"?><gbXML useSIUnitsForResults="true" temperatureUnit="C" lengthUnit="Meters" areaUnit="SquareMeters" volumeUnit="CubicMeters" version="0.37" xmlns="http://www.gbxml.org/schema">  <Campus id="aim0002">    <Location>      <StationId IDType="WMO">142882_2006</StationId>      <ZipcodeOrPostalCode>00000</ZipcodeOrPostalCode>      <Longitude>-0.12721</Longitude>      <Latitude>51.50642</Latitude>      <Elevation>39.0144</Elevation>      <CADModelAzimuth>0</CADModelAzimuth>      <Name>London, London, United Kingdom</Name>    </Location>    <Building buildingType="Office" id="aim0013">      <StreetAddress>London, London, United Kingdom</StreetAddress>      <Area>594.7886</Area>      <Space zoneIdRef="aim0024" conditionType="HeatedAndCooled" buildingStoreyIdRef="aim0015" id="aim0027">        <Area>592.2775</Area>        <Volume>2339.496</Volume>        <PlanarGeometry>          <PolyLoop>            <CartesianPoint>              <Coordinate>-14.29779</Coordinate>              <Coordinate>3.259714</Coordinate>              <Coordinate>-4</Coordinate>            </CartesianPoint>            <CartesianPoint>              <Coordinate>16.87471</Coordinate>              <Coordinate>3.259714</Coordinate>              <Coordinate>-4</Coordinate>            </CartesianPoint>            <CartesianPoint>              <Coordinate>16.87471</Coordinate>              <Coordinate>22.25971</Coordinate>              <Coordinate>-4</Coordinate>            </CartesianPoint>            <CartesianPoint>              <Coordinate>-14.29779</Coordinate>              <Coordinate>22.25971</Coordinate>              <Coordinate>-4</Coordinate>            </CartesianPoint>          </PolyLoop>        </PlanarGeometry>        <ShellGeometry id="aim0037">          <ClosedShell>            <PolyLoop>              <CartesianPoint>                <Coordinate>-14.29779</Coordinate>                <Coordinate>3.259714</Coordinate>                <Coordinate>-4</Coordinate>              </CartesianPoint>              <CartesianPoint>                <Coordinate>-14.29779</Coordinate>                <Coordinate>22.25971</Coordinate>                <Coordinate>-4</Coordinate>              </CartesianPoint>              <CartesianPoint>                <Coordinate>16.87471</Coordinate>                <Coordinate>22.25971</Coordinate>                <Coordinate>-4</Coordinate>              </CartesianPoint>              <CartesianPoint>                <Coordinate>16.87471</Coordinate>                <Coordinate>3.259714</Coordinate>                <Coordinate>-4</Coordinate>              </CartesianPoint>            </PolyLoop>            <PolyLoop>              <CartesianPoint>                <Coordinate>-14.29779</Coordinate>                <Coordinate>22.25971</Coordinate>                <Coordinate>-4</Coordinate>              </CartesianPoint>              <CartesianPoint>                <Coordinate>-14.29779</Coordinate>                <Coordinate>22.25971</Coordinate>                <Coordinate>-0.05</Coordinate>              </CartesianPoint>              <CartesianPoint>                <Coordinate>16.87471</Coordinate>                <Coordinate>22.25971</Coordinate>                <Coordinate>-0.05</Coordinate>              </CartesianPoint>              <CartesianPoint>                <Coordinate>16.87471</Coordinate>                <Coordinate>22.25971</Coordinate>                <Coordinate>-4</Coordinate>              </CartesianPoint>            </PolyLoop>            <PolyLoop>              <CartesianPoint>                <Coordinate>-14.29779</Coordinate>                <Coordinate>3.259714</Coordinate>                <Coordinate>-4</Coordinate>              </CartesianPoint>              <CartesianPoint>                <Coordinate>-14.29779</Coordinate>                <Coordinate>3.259714</Coordinate>                <Coordinate>-0.05</Coordinate>              </CartesianPoint>              <CartesianPoint>                <Coordinate>-14.29779</Coordinate>                <Coordinate>22.25971</Coordinate>                <Coordinate>-0.05</Coordinate>              </CartesianPoint>              <CartesianPoint>                <Coordinate>-14.29779</Coordinate>                <Coordinate>22.25971</Coordinate>                <Coordinate>-4</Coordinate>              </CartesianPoint>            </PolyLoop>            <PolyLoop>              <CartesianPoint>                <Coordinate>-14.29779</Coordinate>                <Coordinate>3.259714</Coordinate>                <Coordinate>-4</Coordinate>              </CartesianPoint>              <CartesianPoint>                <Coordinate>16.87471</Coordinate>                <Coordinate>3.259714</Coordinate>                <Coordinate>-4</Coordinate>              </CartesianPoint>              <CartesianPoint>                <Coordinate>16.87471</Coordinate>                <Coordinate>3.259714</Coordinate>                <Coordinate>-0.05</Coordinate>              </CartesianPoint>              <CartesianPoint>                <Coordinate>-14.29779</Coordinate>                <Coordinate>3.259714</Coordinate>                <Coordinate>-0.05</Coordinate>              </CartesianPoint>            </PolyLoop>            <PolyLoop>              <CartesianPoint>                <Coordinate>16.87471</Coordinate>                <Coordinate>3.259714</Coordinate>                <Coordinate>-4</Coordinate>              </CartesianPoint>              <CartesianPoint>                <Coordinate>16.87471</Coordinate>                <Coordinate>22.25971</Coordinate>                <Coordinate>-4</Coordinate>              </CartesianPoint>              <CartesianPoint>                <Coordinate>16.87471</Coordinate>                <Coordinate>22.25971</Coordinate>                <Coordinate>-0.05</Coordinate>              </CartesianPoint>              <CartesianPoint>                <Coordinate>16.87471</Coordinate>                <Coordinate>3.259714</Coordinate>                <Coordinate>-0.05</Coordinate>              </CartesianPoint>            </PolyLoop>            <PolyLoop>              <CartesianPoint>                <Coordinate>-14.29779</Coordinate>                <Coordinate>3.259714</Coordinate>                <Coordinate>-0.05</Coordinate>              </CartesianPoint>              <CartesianPoint>                <Coordinate>16.87471</Coordinate>                <Coordinate>3.259714</Coordinate>                <Coordinate>-0.05</Coordinate>              </CartesianPoint>              <CartesianPoint>                <Coordinate>16.87471</Coordinate>                <Coordinate>22.25971</Coordinate>                <Coordinate>-0.05</Coordinate>              </CartesianPoint>              <CartesianPoint>                <Coordinate>-14.29779</Coordinate>                <Coordinate>22.25971</Coordinate>                <Coordinate>-0.05</Coordinate>              </CartesianPoint>            </PolyLoop>          </ClosedShell>        </ShellGeometry>        <SpaceBoundary isSecondLevelBoundary="false" surfaceIdRef="aim0069">          <PlanarGeometry>            <PolyLoop>              <CartesianPoint>                <Coordinate>-14.32279</Coordinate>                <Coordinate>22.28471</Coordinate>                <Coordinate>-4</Coordinate>              </CartesianPoint>              <CartesianPoint>                <Coordinate>-14.32279</Coordinate>                <Coordinate>22.28471</Coordinate>                <Coordinate>0</Coordinate>              </CartesianPoint>              <CartesianPoint>                <Coordinate>16.89971</Coordinate>                <Coordinate>22.28471</Coordinate>                <Coordinate>0</Coordinate>              </CartesianPoint>              <CartesianPoint>                <Coordinate>16.89971</Coordinate>                <Coordinate>22.28471</Coordinate>                <Coordinate>-4</Coordinate>              </CartesianPoint>            </PolyLoop>          </PlanarGeometry>        </SpaceBoundary>        <SpaceBoundary isSecondLevelBoundary="false" surfaceIdRef="aim0080">          <PlanarGeometry>            <PolyLoop>              <CartesianPoint>                <Coordinate>-14.32279</Coordinate>                <Coordinate>3.234714</Coordinate>                <Coordinate>-4</Coordinate>              </CartesianPoint>              <CartesianPoint>                <Coordinate>16.89971</Coordinate>                <Coordinate>3.234714</Coordinate>                <Coordinate>-4</Coordinate>              </CartesianPoint>              <CartesianPoint>                <Coordinate>16.89971</Coordinate>                <Coordinate>3.234714</Coordinate>                <Coordinate>0</Coordinate>              </CartesianPoint>              <CartesianPoint>                <Coordinate>-14.32279</Coordinate>                <Coordinate>3.234714</Coordinate>                <Coordinate>0</Coordinate>              </CartesianPoint>            </PolyLoop>          </PlanarGeometry>        </SpaceBoundary>        <SpaceBoundary isSecondLevelBoundary="false" surfaceIdRef="aim0091">          <PlanarGeometry>            <PolyLoop>              <CartesianPoint>                <Coordinate>-14.32279</Coordinate>                <Coordinate>3.234714</Coordinate>                <Coordinate>-4</Coordinate>              </CartesianPoint>              <CartesianPoint>                <Coordinate>-14.32279</Coordinate>                <Coordinate>3.234714</Coordinate>                <Coordinate>0</Coordinate>              </CartesianPoint>              <CartesianPoint>                <Coordinate>-14.32279</Coordinate>                <Coordinate>22.28471</Coordinate>                <Coordinate>0</Coordinate>              </CartesianPoint>              <CartesianPoint>                <Coordinate>-14.32279</Coordinate>                <Coordinate>22.28471</Coordinate>                <Coordinate>-4</Coordinate>              </CartesianPoint>            </PolyLoop>          </PlanarGeometry>        </SpaceBoundary>        <SpaceBoundary isSecondLevelBoundary="false" surfaceIdRef="aim0102">          <PlanarGeometry>            <PolyLoop>              <CartesianPoint>                <Coordinate>16.89971</Coordinate>                <Coordinate>3.234714</Coordinate>                <Coordinate>-4</Coordinate>              </CartesianPoint>              <CartesianPoint>                <Coordinate>16.89971</Coordinate>                <Coordinate>22.28471</Coordinate>                <Coordinate>-4</Coordinate>              </CartesianPoint>              <CartesianPoint>                <Coordinate>16.89971</Coordinate>                <Coordinate>22.28471</Coordinate>                <Coordinate>0</Coordinate>              </CartesianPoint>              <CartesianPoint>                <Coordinate>16.89971</Coordinate>                <Coordinate>3.234714</Coordinate>                <Coordinate>0</Coordinate>              </CartesianPoint>            </PolyLoop>          </PlanarGeometry>        </SpaceBoundary>        <SpaceBoundary isSecondLevelBoundary="false" surfaceIdRef="aim0113">          <PlanarGeometry>            <PolyLoop>              <CartesianPoint>                <Coordinate>-14.32279</Coordinate>                <Coordinate>3.234714</Coordinate>                <Coordinate>-4</Coordinate>              </CartesianPoint>              <CartesianPoint>                <Coordinate>-14.32279</Coordinate>                <Coordinate>22.28471</Coordinate>                <Coordinate>-4</Coordinate>              </CartesianPoint>              <CartesianPoint>                <Coordinate>16.89971</Coordinate>                <Coordinate>22.28471</Coordinate>                <Coordinate>-4</Coordinate>              </CartesianPoint>              <CartesianPoint>                <Coordinate>16.89971</Coordinate>                <Coordinate>3.234714</Coordinate>                <Coordinate>-4</Coordinate>              </CartesianPoint>            </PolyLoop>          </PlanarGeometry>        </SpaceBoundary>        <SpaceBoundary isSecondLevelBoundary="false" surfaceIdRef="aim0124">          <PlanarGeometry>            <PolyLoop>              <CartesianPoint>                <Coordinate>-14.32279</Coordinate>                <Coordinate>3.234714</Coordinate>                <Coordinate>0</Coordinate>              </CartesianPoint>              <CartesianPoint>                <Coordinate>16.89971</Coordinate>                <Coordinate>3.234714</Coordinate>                <Coordinate>0</Coordinate>              </CartesianPoint>              <CartesianPoint>                <Coordinate>16.89971</Coordinate>                <Coordinate>22.28471</Coordinate>                <Coordinate>0</Coordinate>              </CartesianPoint>              <CartesianPoint>                <Coordinate>-14.32279</Coordinate>                <Coordinate>22.28471</Coordinate>                <Coordinate>0</Coordinate>              </CartesianPoint>            </PolyLoop>          </PlanarGeometry>        </SpaceBoundary>        <Name>B1_001 Car_Park</Name>        <CADObjectId>726976</CADObjectId>      </Space>      <BuildingStorey id="aim0015">        <Level>-4</Level>        <PlanarGeometry>          <PolyLoop>            <CartesianPoint>              <Coordinate>-14.32279</Coordinate>              <Coordinate>3.234714</Coordinate>              <Coordinate>-4</Coordinate>            </CartesianPoint>            <CartesianPoint>              <Coordinate>16.89971</Coordinate>              <Coordinate>3.234714</Coordinate>              <Coordinate>-4</Coordinate>            </CartesianPoint>            <CartesianPoint>              <Coordinate>16.89971</Coordinate>              <Coordinate>22.28471</Coordinate>              <Coordinate>-4</Coordinate>            </CartesianPoint>            <CartesianPoint>              <Coordinate>-14.32279</Coordinate>              <Coordinate>22.28471</Coordinate>              <Coordinate>-4</Coordinate>            </CartesianPoint>          </PolyLoop>        </PlanarGeometry>        <Name>Level B1</Name>      </BuildingStorey>      <Name>bldg-1</Name>      <Description>Extracted from Revit model.</Description>    </Building>    <Surface exposedToSun="true" surfaceType="ExteriorWall" id="aim0069">      <AdjacentSpaceId spaceIdRef="aim0027" />      <RectangularGeometry id="aim0070">        <Azimuth>0</Azimuth>        <CartesianPoint>          <Coordinate>16.89971</Coordinate>          <Coordinate>22.28471</Coordinate>          <Coordinate>-4</Coordinate>        </CartesianPoint>        <Tilt>90</Tilt>        <Width>31.2224998474121</Width>        <Height>4</Height>      </RectangularGeometry>      <PlanarGeometry>        <PolyLoop>          <CartesianPoint>            <Coordinate>-14.32279</Coordinate>            <Coordinate>22.28471</Coordinate>            <Coordinate>-4</Coordinate>          </CartesianPoint>          <CartesianPoint>            <Coordinate>-14.32279</Coordinate>            <Coordinate>22.28471</Coordinate>            <Coordinate>0</Coordinate>          </CartesianPoint>          <CartesianPoint>            <Coordinate>16.89971</Coordinate>            <Coordinate>22.28471</Coordinate>            <Coordinate>0</Coordinate>          </CartesianPoint>          <CartesianPoint>            <Coordinate>16.89971</Coordinate>            <Coordinate>22.28471</Coordinate>            <Coordinate>-4</Coordinate>          </CartesianPoint>        </PolyLoop>      </PlanarGeometry>      <CADObjectId>Basic Wall: SIM_EXT_GRD [726718]</CADObjectId>      <Name>N-B1_001-E-W-1</Name>    </Surface>    <Surface surfaceType="ExteriorWall" exposedToSun="true" id="aim0080">      <AdjacentSpaceId spaceIdRef="aim0027" />      <RectangularGeometry id="aim0081">        <Azimuth>180</Azimuth>        <CartesianPoint>          <Coordinate>-14.32279</Coordinate>          <Coordinate>3.234714</Coordinate>          <Coordinate>-4</Coordinate>        </CartesianPoint>        <Tilt>90</Tilt>        <Width>31.2224998474121</Width>        <Height>4</Height>      </RectangularGeometry>      <PlanarGeometry>        <PolyLoop>          <CartesianPoint>            <Coordinate>-14.32279</Coordinate>            <Coordinate>3.234714</Coordinate>            <Coordinate>-4</Coordinate>          </CartesianPoint>          <CartesianPoint>            <Coordinate>16.89971</Coordinate>            <Coordinate>3.234714</Coordinate>            <Coordinate>-4</Coordinate>          </CartesianPoint>          <CartesianPoint>            <Coordinate>16.89971</Coordinate>            <Coordinate>3.234714</Coordinate>            <Coordinate>0</Coordinate>          </CartesianPoint>          <CartesianPoint>            <Coordinate>-14.32279</Coordinate>            <Coordinate>3.234714</Coordinate>            <Coordinate>0</Coordinate>          </CartesianPoint>        </PolyLoop>      </PlanarGeometry>      <CADObjectId>Basic Wall: SIM_EXT_GRD [726720]</CADObjectId>      <Name>S-B1_001-E-W-2</Name>    </Surface>    <Surface surfaceType="ExteriorWall" exposedToSun="true" id="aim0091">      <AdjacentSpaceId spaceIdRef="aim0027" />      <RectangularGeometry id="aim0092">        <Azimuth>270</Azimuth>        <CartesianPoint>          <Coordinate>-14.32279</Coordinate>          <Coordinate>22.28471</Coordinate>          <Coordinate>-4</Coordinate>        </CartesianPoint>        <Tilt>90</Tilt>        <Width>19.0499992370605</Width>        <Height>4</Height>      </RectangularGeometry>      <PlanarGeometry>        <PolyLoop>          <CartesianPoint>            <Coordinate>-14.32279</Coordinate>            <Coordinate>3.234714</Coordinate>            <Coordinate>-4</Coordinate>          </CartesianPoint>          <CartesianPoint>            <Coordinate>-14.32279</Coordinate>            <Coordinate>3.234714</Coordinate>            <Coordinate>0</Coordinate>          </CartesianPoint>          <CartesianPoint>            <Coordinate>-14.32279</Coordinate>            <Coordinate>22.28471</Coordinate>            <Coordinate>0</Coordinate>          </CartesianPoint>          <CartesianPoint>            <Coordinate>-14.32279</Coordinate>            <Coordinate>22.28471</Coordinate>            <Coordinate>-4</Coordinate>          </CartesianPoint>        </PolyLoop>      </PlanarGeometry>      <CADObjectId>Basic Wall: SIM_EXT_GRD [726721]</CADObjectId>      <Name>W-B1_001-E-W-3</Name>    </Surface>    <Surface surfaceType="ExteriorWall" exposedToSun="true" id="aim0102">      <AdjacentSpaceId spaceIdRef="aim0027" />      <RectangularGeometry id="aim0103">        <Azimuth>90</Azimuth>        <CartesianPoint>          <Coordinate>16.89971</Coordinate>          <Coordinate>3.234714</Coordinate>          <Coordinate>-4</Coordinate>        </CartesianPoint>        <Tilt>90</Tilt>        <Width>19.0499992370605</Width>        <Height>4</Height>      </RectangularGeometry>      <PlanarGeometry>        <PolyLoop>          <CartesianPoint>            <Coordinate>16.89971</Coordinate>            <Coordinate>3.234714</Coordinate>            <Coordinate>-4</Coordinate>          </CartesianPoint>          <CartesianPoint>            <Coordinate>16.89971</Coordinate>            <Coordinate>22.28471</Coordinate>            <Coordinate>-4</Coordinate>          </CartesianPoint>          <CartesianPoint>            <Coordinate>16.89971</Coordinate>            <Coordinate>22.28471</Coordinate>            <Coordinate>0</Coordinate>          </CartesianPoint>          <CartesianPoint>            <Coordinate>16.89971</Coordinate>            <Coordinate>3.234714</Coordinate>            <Coordinate>0</Coordinate>          </CartesianPoint>        </PolyLoop>      </PlanarGeometry>      <CADObjectId>Basic Wall: SIM_EXT_GRD [726798]</CADObjectId>      <Name>E-B1_001-E-W-4</Name>    </Surface>    <Surface surfaceType="SlabOnGrade" id="aim0113">      <AdjacentSpaceId spaceIdRef="aim0027" />      <RectangularGeometry id="aim0114">        <Azimuth>0</Azimuth>        <CartesianPoint>          <Coordinate>16.89971</Coordinate>          <Coordinate>3.234714</Coordinate>          <Coordinate>-4</Coordinate>        </CartesianPoint>        <Tilt>180</Tilt>        <Width>31.2224998474121</Width>        <Height>19.0499992370605</Height>      </RectangularGeometry>      <PlanarGeometry>        <PolyLoop>          <CartesianPoint>            <Coordinate>-14.32279</Coordinate>            <Coordinate>3.234714</Coordinate>            <Coordinate>-4</Coordinate>          </CartesianPoint>          <CartesianPoint>            <Coordinate>-14.32279</Coordinate>            <Coordinate>22.28471</Coordinate>            <Coordinate>-4</Coordinate>          </CartesianPoint>          <CartesianPoint>            <Coordinate>16.89971</Coordinate>            <Coordinate>22.28471</Coordinate>            <Coordinate>-4</Coordinate>          </CartesianPoint>          <CartesianPoint>            <Coordinate>16.89971</Coordinate>            <Coordinate>3.234714</Coordinate>            <Coordinate>-4</Coordinate>          </CartesianPoint>        </PolyLoop>      </PlanarGeometry>      <CADObjectId>Floor: SIM_EXT_GRD_FLR FLR01 [726989]</CADObjectId>      <Name>B-B1_001-E-F-5</Name>    </Surface>    <Surface surfaceType="Roof" exposedToSun="true" id="aim0124">      <AdjacentSpaceId spaceIdRef="aim0027" />      <RectangularGeometry id="aim0125">        <Azimuth>180</Azimuth>        <CartesianPoint>          <Coordinate>-14.32279</Coordinate>          <Coordinate>3.234714</Coordinate>          <Coordinate>0</Coordinate>        </CartesianPoint>        <Tilt>0</Tilt>        <Width>31.2224998474121</Width>        <Height>19.0499992370605</Height>      </RectangularGeometry>      <PlanarGeometry>        <PolyLoop>          <CartesianPoint>            <Coordinate>-14.32279</Coordinate>            <Coordinate>3.234714</Coordinate>            <Coordinate>0</Coordinate>          </CartesianPoint>          <CartesianPoint>            <Coordinate>16.89971</Coordinate>            <Coordinate>3.234714</Coordinate>            <Coordinate>0</Coordinate>          </CartesianPoint>          <CartesianPoint>            <Coordinate>16.89971</Coordinate>            <Coordinate>22.28471</Coordinate>            <Coordinate>0</Coordinate>          </CartesianPoint>          <CartesianPoint>            <Coordinate>-14.32279</Coordinate>            <Coordinate>22.28471</Coordinate>            <Coordinate>0</Coordinate>          </CartesianPoint>        </PolyLoop>      </PlanarGeometry>      <CADObjectId>Basic Roof: SIM_EXT_SLD_Roof DA01 [727687]</CADObjectId>      <Name>T-B1_001-E-R-6</Name>    </Surface>    <DaylightSavings>false</DaylightSavings>    <Name>Created from Revit</Name>  </Campus>  <Zone id="aim0024">    <DesignHeatT unit="C">21.11111</DesignHeatT>    <DesignCoolT unit="C">23.33333</DesignCoolT>    <TypeCode>14</TypeCode>    <Name>Default</Name>    <CADObjectId>293242</CADObjectId>  </Zone>  <DocumentHistory>    <ProgramInfo id="aim0004">      <CompanyName>Autodesk, Inc.</CompanyName>      <ProductName>Autodesk Revit 2017 BEES</ProductName>      <Version>2017 20170816_0615(x64)</Version>      <Platform>Microsoft Windows 7</Platform>      <ProjectEntity>        <URI>file:///C:/Users/mdengusi/Desktop/SAM_Bath/2018-01-25/SAM_Live_ver05gOneRoom.rte</URI>        <GUID entity="File">00933d1d-33cb-4c93-9878-e180c2019448</GUID>      </ProjectEntity>    </ProgramInfo>    <CreatedBy personId="aim0005" programId="aim0004" date="2018-01-26T07:26:26">      <CADModelId>00933d1d-33cb-4c93-9878-e180c2019448</CADModelId>    </CreatedBy>    <PersonInfo id="aim0005" />  </DocumentHistory></gbXML>